id_prod,price,categ
0_1421,19.99,0
0_1368,5.13,0
0_731,17.99,0
1_587,4.99,1
0_1507,3.99,0
0_1163,9.99,0
1_463,36.99,1
0_2157,34.99,0
0_1915,16.99,0
0_389,18.99,0
2_228,225.17,2
1_178,51.92,1
1_143,9.99,1
1_314,9.0,1
0_1938,1.58,0
0_1232,26.65,0
0_2254,9.2,0
0_1713,13.99,0
0_835,6.99,0
0_1389,20.99,0
0_853,9.99,0
0_2131,8.99,0
1_259,10.99,1
0_1070,4.38,0
1_504,13.79,1
1_370,13.11,1
1_716,7.85,1
0_1505,14.99,0
0_2293,4.99,0
0_431,32.99,0
0_435,3.99,0
0_2120,26.97,0
1_532,11.32,1
0_1795,17.99,0
0_668,2.51,0
0_1166,18.45,0
1_638,30.92,1
1_549,33.99,1
2_100,72.11,2
0_97,11.99,0
0_2061,9.99,0
0_1619,4.99,0
1_707,6.99,1
1_457,22.99,1
0_1317,4.99,0
1_251,15.99,1
0_1321,15.99,0
0_1629,40.99,0
1_124,44.71,1
1_48,47.22,1
0_2288,2.06,0
0_498,2.64,0
0_796,21.15,0
0_1949,3.99,0
0_1849,12.99,0
0_686,1.32,0
0_794,22.44,0
0_445,3.99,0
1_255,32.99,1
1_665,32.99,1
0_1240,22.7,0
0_1530,3.24,0
0_570,7.16,0
0_2188,14.65,0
2_89,107.99,2
0_1939,17.99,0
0_1889,4.99,0
1_339,22.99,1
0_1142,3.42,0
0_2299,3.99,0
0_1080,2.43,0
0_1912,1.89,0
0_1247,15.99,0
2_225,157.99,2
0_1192,12.52,0
0_2035,17.99,0
0_548,37.53,0
0_1392,6.3,0
1_174,44.09,1
2_187,157.99,2
1_65,32.99,1
0_1446,8.09,0
2_46,41.31,2
0_2017,28.99,0
0_1509,4.99,0
0_1941,13.99,0
1_333,15.99,1
0_1984,5.7,0
0_1549,25.99,0
1_165,17.99,1
0_2289,17.99,0
1_723,10.99,1
0_2305,3.99,0
0_283,1.99,0
0_56,27.6,0
2_128,201.74,2
0_872,20.63,0
0_1635,16.99,0
0_356,12.14,0
1_107,10.99,1
0_298,2.74,0
0_2031,22.99,0
2_215,49.99,2
0_6,12.13,0
2_151,156.99,2
0_602,13.89,0
2_176,134.57,2
2_103,157.99,2
0_1265,32.99,0
0_26,6.86,0
0_845,17.99,0
0_1960,2.16,0
1_666,9.89,1
1_691,45.99,1
0_1595,2.99,0
0_14,9.41,0
0_687,17.99,0
2_172,158.17,2
1_482,8.98,1
0_568,29.76,0
0_381,15.99,0
0_39,8.99,0
0_1176,7.65,0
1_57,11.99,1
0_1380,7.45,0
0_1827,8.99,0
0_471,4.99,0
1_456,28.27,1
0_1069,7.99,0
0_2104,7.98,0
0_1671,3.99,0
0_1144,18.87,0
0_1370,11.3,0
0_1649,27.99,0
0_1056,2.46,0
1_244,3.64,1
0_1895,3.99,0
2_131,127.99,2
0_1480,4.15,0
0_932,7.1,0
0_1013,4.99,0
0_1236,19.79,0
0_749,3.99,0
0_2064,9.85,0
0_1423,2.99,0
0_1203,0.99,0
0_1833,5.99,0
0_556,2.06,0
0_831,4.99,0
1_50,20.93,1
1_231,33.99,1
0_790,10.34,0
0_2198,12.14,0
0_376,8.75,0
1_317,38.99,1
0_1923,3.99,0
1_183,24.99,1
1_264,16.07,1
0_2052,8.87,0
0_61,7.99,0
0_1332,33.12,0
0_253,17.99,0
0_2189,2.99,0
0_352,12.53,0
0_1102,4.63,0
0_166,1.83,0
1_77,20.99,1
1_284,60.39,1
0_2237,2.99,0
0_23,10.99,0
1_649,18.99,1
1_98,22.59,1
1_205,8.99,1
2_214,79.04,2
0_1824,10.34,0
0_1431,10.99,0
0_2291,12.99,0
1_447,42.99,1
1_279,27.99,1
0_1177,4.99,0
0_2181,27.99,0
0_808,27.85,0
1_728,4.06,1
0_1775,6.99,0
0_1016,35.06,0
0_501,12.99,0
0_2268,17.57,0
2_10,60.37,2
0_2083,6.99,0
0_2056,5.13,0
0_992,8.58,0
0_1504,1.68,0
0_1969,19.99,0
1_582,27.61,1
1_221,10.99,1
1_477,6.99,1
0_823,26.99,0
0_2306,23.32,0
0_1899,21.99,0
2_71,88.99,2
0_2151,16.99,0
0_1093,2.99,0
0_152,10.83,0
0_2164,4.29,0
1_496,70.51,1
1_385,25.99,1
1_56,13.98,1
0_86,10.32,0
0_1545,18.99,0
0_2276,18.95,0
0_512,15.74,0
0_1596,10.36,0
0_1227,4.99,0
0_112,17.71,0
2_78,167.49,2
1_520,13.35,1
1_698,18.3,1
1_564,62.99,1
0_793,9.99,0
0_1197,6.99,0
0_1772,18.48,0
1_374,10.71,1
0_1075,10.99,0
0_161,8.99,0
0_1832,7.41,0
0_1934,6.35,0
0_1694,7.65,0
1_678,5.78,1
0_715,17.99,0
0_1136,3.02,0
0_2117,6.99,0
1_318,17.24,1
1_708,23.06,1
0_105,7.99,0
0_1028,4.51,0
1_432,24.2,1
0_1546,12.86,0
0_1979,20.99,0
0_436,30.09,0
0_398,4.72,0
0_513,11.99,0
2_231,111.99,2
0_193,3.99,0
0_262,11.64,0
0_1639,6.99,0
2_145,103.99,2
2_165,71.99,2
1_49,28.99,1
1_667,29.99,1
0_1323,10.99,0
0_1808,7.75,0
0_306,15.55,0
2_1,56.99,2
0_2199,12.99,0
0_1744,11.92,0
0_1559,9.99,0
0_104,9.06,0
0_461,16.99,0
1_656,6.62,1
0_506,15.81,0
0_1315,10.99,0
0_1183,17.99,0
1_733,31.99,1
0_147,2.99,0
0_896,7.42,0
0_1100,3.03,0
1_362,11.25,1
0_1003,14.99,0
1_154,33.39,1
0_2256,7.2,0
0_2024,15.56,0
1_478,38.63,1
2_139,82.99,2
0_2197,2.99,0
1_470,5.41,1
0_64,4.22,0
0_1631,10.99,0
0_1148,26.77,0
0_131,11.99,0
0_1780,1.67,0
0_1387,10.99,0
0_2233,19.99,0
0_897,9.99,0
0_85,2.99,0
0_1804,16.95,0
0_2190,8.22,0
0_906,16.97,0
1_129,18.99,1
0_2283,8.99,0
2_226,65.75,2
1_686,24.03,1
0_2060,5.48,0
0_2267,18.99,0
0_1529,3.99,0
0_1393,11.99,0
1_704,31.63,1
0_1110,4.71,0
2_144,157.42,2
0_1209,8.99,0
0_1486,4.89,0
0_1361,3.99,0
1_697,4.99,1
1_503,26.99,1
0_1089,3.99,0
0_207,11.99,0
1_250,20.76,1
1_138,44.67,1
2_146,115.3,2
1_605,30.99,1
0_1444,2.08,0
0_272,5.6,0
0_475,8.99,0
0_1721,28.99,0
0_302,12.57,0
0_547,8.99,0
1_273,47.99,1
0_2071,21.99,0
0_1052,3.79,0
1_196,33.32,1
0_1333,5.99,0
1_1,42.99,1
0_87,17.99,0
0_1388,17.15,0
1_693,50.99,1
0_222,19.65,0
1_476,45.37,1
1_277,25.99,1
0_2258,5.8,0
0_784,3.6,0
1_199,22.99,1
0_1401,10.99,0
0_2249,2.99,0
0_847,8.99,0
0_1088,1.09,0
0_1081,11.99,0
1_89,32.99,1
1_84,14.04,1
0_1231,25.99,0
0_1009,14.99,0
0_2069,17.99,0
2_164,52.26,2
0_1456,27.42,0
1_491,4.99,1
0_1019,24.99,0
0_1724,2.82,0
1_116,12.88,1
0_2150,9.8,0
1_114,35.61,1
0_1783,25.99,0
1_495,21.99,1
0_134,8.22,0
0_1199,14.99,0
0_1733,1.99,0
1_607,26.99,1
1_446,23.92,1
0_1864,22.76,0
1_24,39.08,1
0_726,10.21,0
0_1107,2.99,0
2_230,57.04,2
2_34,72.42,2
1_257,22.99,1
0_2302,24.19,0
0_1363,16.99,0
0_852,10.81,0
0_433,2.99,0
0_1298,18.32,0
0_2272,7.98,0
0_1031,6.99,0
1_397,18.99,1
0_120,0.66,0
1_218,10.72,1
0_1022,23.57,0
0_1797,15.99,0
1_442,24.98,1
0_527,2.99,0
0_33,18.99,0
0_412,21.33,0
0_1590,18.93,0
0_1397,14.99,0
0_2148,7.32,0
2_127,68.99,2
0_1972,12.89,0
1_307,6.99,1
0_907,34.99,0
0_1523,20.99,0
0_1319,14.99,0
1_586,61.23,1
0_2246,6.3,0
0_2292,9.87,0
2_45,32.99,2
0_1239,37.99,0
0_2219,14.99,0
0_1608,12.24,0
2_158,247.22,2
1_571,31.99,1
0_372,10.59,0
0_1618,3.95,0
0_2228,13.06,0
0_769,24.99,0
0_1290,11.57,0
0_1862,12.13,0
0_258,7.67,0
0_2172,3.88,0
0_464,7.62,0
0_358,4.29,0
0_2162,3.03,0
0_520,14.52,0
0_278,22.61,0
0_1173,18.99,0
0_2300,17.99,0
1_326,59.11,1
0_1053,10.99,0
0_1731,14.99,0
0_2281,14.99,0
0_1932,3.27,0
1_410,46.87,1
1_219,8.99,1
0_1622,8.35,0
0_1082,15.41,0
2_137,83.99,2
0_939,18.99,0
2_201,86.99,2
0_1576,2.29,0
0_102,11.18,0
0_1593,6.99,0
0_1647,11.99,0
0_1207,16.99,0
1_694,19.87,1
0_778,2.39,0
0_1792,8.79,0
0_2204,1.62,0
2_0,162.03,2
0_1267,3.99,0
0_718,15.83,0
0_1971,16.99,0
1_172,26.77,1
0_2282,13.71,0
1_523,23.99,1
0_245,11.99,0
0_829,2.99,0
0_1111,19.99,0
0_1212,6.31,0
0_440,13.0,0
0_2285,16.99,0
1_421,30.99,1
0_2186,4.2,0
0_742,10.79,0
1_433,18.99,1
1_40,30.25,1
0_813,9.99,0
0_519,6.99,0
0_1124,19.41,0
2_192,127.39,2
0_911,4.99,0
0_2270,16.58,0
1_499,60.99,1
0_2,16.4,0
0_806,3.33,0
0_1582,24.42,0
0_321,13.99,0
0_617,17.99,0
0_1794,31.83,0
0_103,10.99,0
1_229,42.99,1
2_112,67.57,2
0_1798,17.34,0
0_1340,14.76,0
1_203,48.99,1
0_700,18.64,0
0_1012,32.4,0
0_2163,4.99,0
0_1668,14.62,0
1_8,21.57,1
0_118,1.98,0
0_2239,5.99,0
0_2222,3.33,0
0_929,15.99,0
1_241,21.99,1
0_797,4.99,0
0_1807,14.99,0
1_139,6.99,1
1_94,27.11,1
0_985,5.99,0
0_495,2.99,0
0_249,15.99,0
1_85,22.99,1
0_946,18.01,0
0_1777,18.99,0
2_54,89.43,2
0_1815,8.99,0
1_610,32.98,1
2_209,69.99,2
0_400,9.46,0
1_485,37.99,1
1_69,23.99,1
0_1564,11.12,0
0_586,4.95,0
1_270,31.14,1
1_519,51.99,1
0_1571,5.99,0
0_388,15.62,0
0_571,17.99,0
2_212,104.78,2
1_286,29.44,1
0_1374,21.0,0
0_774,6.66,0
0_876,17.35,0
1_461,12.99,1
2_126,116.98,2
0_1046,10.06,0
0_1217,24.99,0
0_822,35.3,0
0_2137,15.99,0
0_1883,6.99,0
0_1845,6.99,0
0_422,5.76,0
0_1658,5.01,0
0_1573,6.99,0
0_1172,10.71,0
1_41,11.99,1
0_1484,25.23,0
2_83,130.99,2
1_729,31.99,1
0_963,8.99,0
0_1878,2.27,0
1_548,13.59,1
0_1670,23.59,0
0_1407,13.99,0
0_1982,8.99,0
0_1470,19.53,0
1_342,49.04,1
1_300,6.74,1
1_371,33.99,1
0_408,10.42,0
0_1443,5.99,0
1_438,5.24,1
0_559,3.99,0
0_1202,4.83,0
0_2108,8.82,0
0_1422,11.41,0
0_1238,14.66,0
1_226,37.73,1
0_901,15.99,0
1_73,19.99,1
0_1468,6.08,0
0_1434,8.58,0
1_308,11.65,1
0_998,9.41,0
1_646,8.38,1
0_888,6.48,0
0_1691,14.99,0
0_1138,2.33,0
0_887,13.99,0
0_2196,12.34,0
0_967,8.99,0
0_67,22.99,0
0_229,17.99,0
1_266,7.98,1
1_285,14.99,1
1_93,22.99,1
0_1600,13.23,0
2_121,170.99,2
1_609,7.99,1
0_648,7.41,0
0_1256,11.03,0
0_1348,12.03,0
1_717,9.99,1
0_868,15.96,0
0_197,37.99,0
2_120,42.19,2
0_1174,3.52,0
0_343,10.99,0
1_136,31.72,1
0_877,5.99,0
1_502,4.9,1
0_1656,23.26,0
1_265,24.99,1
0_1540,18.23,0
0_2118,7.23,0
0_1872,9.42,0
1_448,13.79,1
0_986,16.22,0
1_23,23.99,1
1_629,33.99,1
0_482,2.93,0
0_1954,8.15,0
0_2260,1.84,0
0_421,16.99,0
0_657,6.99,0
0_1398,4.52,0
0_1161,31.99,0
0_1802,28.97,0
0_1662,4.35,0
1_471,31.99,1
2_37,48.99,2
1_235,37.99,1
0_414,12.65,0
0_787,7.99,0
1_481,44.99,1
2_202,67.57,2
0_248,7.91,0
0_113,16.99,0
1_419,39.99,1
0_1988,9.86,0
0_444,10.17,0
0_748,27.27,0
0_2097,1.99,0
1_724,16.94,1
0_36,12.57,0
0_811,3.99,0
1_536,11.21,1
1_351,28.99,1
0_1637,4.99,0
2_27,73.99,2
0_502,3.13,0
0_2158,11.25,0
0_127,7.99,0
1_454,32.12,1
0_1978,23.81,0
1_681,6.99,1
0_936,1.69,0
2_133,109.99,2
0_289,36.99,0
1_635,26.99,1
1_671,31.99,1
0_1508,8.03,0
0_1412,11.73,0
0_2059,12.99,0
0_979,14.99,0
0_775,18.99,0
0_1687,18.99,0
0_1310,2.21,0
1_711,39.99,1
1_654,38.91,1
0_1293,11.99,0
0_1182,19.88,0
0_511,20.99,0
1_380,8.93,1
1_487,40.99,1
0_1672,18.25,0
1_396,18.6,1
0_1623,7.99,0
0_2263,32.99,0
2_183,77.99,2
0_1871,1.99,0
1_283,14.99,1
1_537,14.99,1
0_11,13.99,0
1_719,41.99,1
1_34,27.77,1
0_1194,20.92,0
1_343,27.99,1
0_1611,11.99,0
0_1123,12.99,0
0_1684,17.81,0
1_179,15.99,1
1_115,32.99,1
0_18,25.49,0
0_2124,10.29,0
0_2077,3.99,0
0_136,13.49,0
0_991,19.99,0
0_100,20.6,0
0_760,15.63,0
0_1178,10.13,0
0_629,11.99,0
0_1010,1.96,0
0_849,15.99,0
1_303,13.99,1
0_2026,5.56,0
0_2224,17.19,0
0_850,14.77,0
0_1004,8.07,0
0_1902,2.28,0
1_594,4.58,1
0_1461,11.99,0
0_1943,13.99,0
0_1739,22.99,0
1_190,14.53,1
0_1307,18.99,0
1_690,9.98,1
0_544,17.84,0
0_1636,9.45,0
0_1149,5.99,0
0_271,10.99,0
0_2138,0.93,0
0_90,12.04,0
0_2074,8.88,0
0_816,6.91,0
0_1068,22.13,0
0_2128,3.64,0
0_916,12.65,0
0_639,4.99,0
1_324,31.97,1
1_61,18.99,1
0_145,28.99,0
1_152,11.06,1
0_1338,9.28,0
0_1400,5.15,0
0_486,6.38,0
0_1251,21.99,0
0_1659,9.99,0
2_31,131.99,2
0_2277,10.99,0
0_98,13.17,0
2_94,145.45,2
0_803,16.99,0
0_844,12.59,0
2_69,130.99,2
0_44,3.96,0
0_1916,4.05,0
0_2030,13.4,0
0_2019,7.99,0
0_1360,4.33,0
0_1836,6.56,0
1_593,20.99,1
1_360,34.35,1
1_660,22.23,1
2_223,175.99,2
0_569,11.99,0
0_2098,14.37,0
0_28,27.76,0
0_148,3.17,0
2_76,254.44,2
0_1933,15.99,0
0_1320,12.08,0
0_1145,6.99,0
0_1689,2.99,0
0_826,6.89,0
0_219,13.99,0
T_0,-1.0,0
0_407,15.99,0
0_727,12.99,0
0_1365,2.99,0
0_875,21.99,0
0_396,7.67,0
0_1062,20.08,0
0_451,7.99,0
0_1140,3.73,0
0_1462,31.67,0
1_403,17.99,1
0_899,19.99,0
1_315,66.99,1
1_99,21.99,1
1_122,35.93,1
1_321,9.99,1
0_1594,3.33,0
0_110,29.04,0
2_188,73.72,2
0_1334,17.74,0
0_1641,14.99,0
0_955,7.99,0
0_1548,9.66,0
2_118,96.56,2
0_2143,24.99,0
0_126,9.19,0
0_953,26.99,0
0_1516,11.43,0
1_619,12.99,1
0_675,19.99,0
1_450,31.64,1
1_213,19.99,1
1_128,48.63,1
1_480,19.08,1
0_1626,14.02,0
1_309,7.99,1
2_81,86.99,2
0_691,5.99,0
0_1603,8.99,0
2_107,33.99,2
0_308,18.25,0
0_196,11.52,0
0_713,1.99,0
0_1834,15.14,0
0_1252,4.31,0
0_260,1.73,0
0_2043,13.99,0
0_2247,2.99,0
0_1269,2.99,0
1_82,31.81,1
0_1083,16.99,0
0_2014,21.23,0
1_281,23.99,1
1_97,23.99,1
0_1652,10.7,0
2_40,228.11,2
0_9,31.99,0
0_1526,6.62,0
0_2066,14.7,0
0_1768,8.92,0
0_680,7.43,0
2_147,181.99,2
0_1987,6.99,0
0_1119,2.99,0
0_1155,2.99,0
0_1230,12.83,0
1_468,17.75,1
0_873,2.99,0
0_587,1.99,0
0_463,21.99,0
0_2166,0.97,0
0_333,3.99,0
0_1,10.99,0
0_2226,21.89,0
0_65,8.99,0
0_1615,1.99,0
0_529,5.99,0
1_10,78.83,1
0_1578,17.79,0
0_2304,15.86,0
0_1014,1.15,0
0_1274,7.86,0
0_236,4.65,0
0_779,12.99,0
0_263,4.99,0
0_220,3.72,0
1_553,52.99,1
0_2103,8.99,0
1_644,25.79,1
0_155,5.99,0
0_783,3.99,0
0_766,2.16,0
0_1344,19.04,0
1_13,80.99,1
0_630,11.32,0
0_1646,14.85,0
0_754,5.1,0
2_8,73.18,2
0_324,1.18,0
1_604,36.42,1
0_1528,11.38,0
0_1005,20.99,0
1_616,29.02,1
0_135,12.99,0
1_35,45.99,1
0_2235,13.99,0
1_201,23.99,1
0_1342,19.49,0
0_1126,11.78,0
0_38,3.68,0
0_46,5.58,0
0_1050,12.51,0
0_859,16.99,0
0_1436,1.32,0
1_706,24.66,1
1_0,31.82,1
0_17,6.99,0
0_180,0.97,0
1_379,26.99,1
0_2184,10.36,0
0_1712,7.24,0
1_168,57.45,1
2_136,103.92,2
0_2141,11.99,0
0_900,11.89,0
0_836,3.76,0
0_1522,5.16,0
0_264,6.44,0
0_1583,15.99,0
0_181,5.99,0
1_577,32.99,1
1_280,15.59,1
0_1394,15.63,0
0_1489,10.99,0
0_1837,10.99,0
0_2234,10.67,0
0_1959,3.99,0
0_721,5.99,0
0_19,4.99,0
0_2080,12.76,0
0_446,13.49,0
0_968,3.06,0
1_591,39.99,1
1_282,23.2,1
0_95,9.99,0
2_182,106.52,2
1_302,34.97,1
0_1975,7.99,0
1_679,79.99,1
0_82,9.98,0
0_710,3.72,0
1_670,29.55,1
0_1430,16.47,0
0_92,9.63,0
1_400,16.6,1
0_926,8.1,0
0_585,9.99,0
0_1205,10.99,0
0_1685,9.99,0
0_496,11.02,0
0_1106,14.27,0
0_2092,14.17,0
2_47,36.99,2
0_589,13.99,0
0_1094,16.98,0
0_2047,5.99,0
0_820,1.32,0
0_2050,3.4,0
0_1367,11.99,0
0_256,27.81,0
2_9,54.99,2
0_1190,6.63,0
0_204,2.36,0
0_2297,28.99,0
2_16,84.29,2
0_1897,20.99,0
0_1168,11.91,0
0_684,8.17,0
0_1204,3.44,0
0_1193,9.99,0
0_1112,7.27,0
0_1059,18.99,0
1_674,40.06,1
0_1458,6.55,0
0_695,25.99,0
1_585,19.99,1
0_1947,12.99,0
2_53,93.99,2
0_1474,9.88,0
0_924,4.01,0
2_82,75.81,2
0_1000,6.84,0
0_2152,16.69,0
0_466,3.61,0
2_233,172.99,2
1_556,24.47,1
1_19,18.99,1
0_551,12.99,0
0_1114,2.08,0
0_1538,8.61,0
0_205,4.99,0
1_366,28.54,1
2_106,110.08,2
2_92,78.05,2
0_1730,5.03,0
0_1880,14.91,0
0_2079,9.99,0
1_7,48.99,1
0_2096,14.84,0
0_1057,19.99,0
0_1840,1.28,0
0_815,10.99,0
0_1187,6.99,0
0_1567,16.99,0
1_731,11.99,1
0_2169,0.99,0
2_2,300.0,2
1_6,26.68,1
0_550,13.9,0
0_218,15.27,0
0_881,18.99,0
1_71,34.99,1
1_239,13.99,1
1_664,47.83,1
0_798,6.82,0
2_185,43.99,2
1_696,37.2,1
0_2231,13.99,0
1_181,7.99,1
0_123,14.99,0
1_511,2.99,1
1_558,24.51,1
0_383,16.99,0
0_59,14.99,0
0_490,12.45,0
2_95,98.99,2
0_905,5.99,0
0_1693,8.99,0
0_162,9.82,0
2_5,191.99,2
0_593,8.99,0
1_409,55.99,1
0_1259,11.99,0
0_1131,17.99,0
0_176,12.6,0
2_79,55.99,2
0_1613,8.99,0
0_641,3.99,0
0_1881,7.99,0
1_68,30.95,1
1_247,20.99,1
0_533,3.99,0
1_4,24.21,1
0_1980,3.15,0
0_2275,0.99,0
0_1328,8.52,0
0_1550,1.21,0
0_1322,4.33,0
0_1109,29.99,0
0_1566,9.04,0
0_1329,0.99,0
0_2123,9.99,0
1_338,61.38,1
0_890,2.81,0
1_418,37.85,1
1_9,7.99,1
0_88,8.3,0
2_32,55.79,2
0_267,6.99,0
0_930,12.91,0
0_0,3.75,0
0_1642,14.78,0
0_578,11.16,0
0_614,10.71,0
1_87,58.99,1
0_785,3.99,0
0_1162,17.56,0
2_195,116.99,2
2_219,86.99,2
0_1437,3.99,0
2_150,157.63,2
0_2160,22.2,0
1_287,29.99,1
0_2119,9.99,0
0_842,3.07,0
0_2217,24.99,0
0_772,16.87,0
0_363,5.99,0
0_2206,6.14,0
1_372,30.12,1
0_1789,4.99,0
1_356,33.26,1
0_958,15.31,0
0_1351,8.99,0
0_450,11.8,0
0_1886,20.56,0
0_214,11.72,0
0_621,1.99,0
0_1376,16.24,0
0_664,5.13,0
0_1318,20.92,0
1_159,52.99,1
0_552,21.3,0
0_27,21.99,0
0_130,6.9,0
2_36,110.98,2
1_624,36.82,1
1_44,14.49,1
0_1195,6.99,0
0_200,18.28,0
1_425,16.99,1
0_1196,6.51,0
1_712,25.48,1
1_354,68.49,1
0_2038,4.39,0
0_950,11.34,0
0_1665,15.99,0
0_1605,6.99,0
0_284,14.9,0
0_1692,13.36,0
1_524,22.02,1
0_1667,7.99,0
0_1853,11.99,0
0_1054,8.11,0
0_1336,21.09,0
1_662,6.04,1
1_249,22.99,1
0_931,19.99,0
1_153,22.99,1
1_718,21.39,1
0_348,10.73,0
0_57,14.99,0
0_1108,17.45,0
0_1137,7.99,0
0_1727,10.99,0
0_1703,21.99,0
0_1822,14.92,0
0_832,10.85,0
0_137,31.99,0
0_190,8.01,0
0_1007,4.99,0
0_1455,8.99,0
2_148,64.85,2
0_2091,2.99,0
1_653,25.99,1
2_197,80.99,2
0_1419,8.99,0
1_513,35.99,1
0_944,13.38,0
0_470,9.61,0
2_61,39.99,2
0_81,5.99,0
0_1170,4.19,0
0_833,2.99,0
1_108,45.03,1
0_1841,17.99,0
0_1763,27.99,0
0_1281,12.99,0
0_507,18.99,0
0_2307,6.99,0
0_1805,1.99,0
0_1903,5.99,0
0_2106,13.94,0
2_218,89.54,2
1_516,24.24,1
0_867,7.99,0
1_555,32.99,1
0_2155,21.99,0
0_1118,3.64,0
2_12,57.91,2
2_20,83.51,2
1_622,17.41,1
0_174,5.25,0
0_960,10.89,0
0_1735,26.99,0
0_177,19.99,0
0_626,5.4,0
0_350,6.5,0
0_2229,4.99,0
1_515,17.99,1
1_551,14.99,1
0_564,4.15,0
0_1373,18.99,0
0_1055,7.99,0
0_2185,9.99,0
0_139,2.99,0
2_173,155.99,2
0_1609,18.99,0
0_2028,13.37,0
0_1330,10.44,0
1_91,20.99,1
0_1719,5.99,0
0_703,3.99,0
0_397,13.99,0
0_327,14.99,0
0_312,11.39,0
0_194,10.56,0
0_1210,16.44,0
0_2057,8.99,0
1_252,39.33,1
0_1710,4.53,0
0_2068,18.57,0
0_1325,9.99,0
0_1051,2.99,0
0_521,23.99,0
0_2039,6.99,0
0_1812,7.51,0
1_189,13.99,1
0_1800,22.05,0
0_1999,12.99,0
0_791,14.99,0
0_1206,4.33,0
0_291,16.99,0
0_711,4.99,0
1_137,12.99,1
0_1948,4.38,0
1_148,8.08,1
0_293,30.99,0
1_47,30.99,1
0_1366,16.65,0
0_763,16.99,0
0_154,10.6,0
0_851,6.99,0
0_2180,16.28,0
0_927,6.99,0
1_102,3.29,1
1_299,13.99,1
0_1764,1.99,0
0_959,9.99,0
0_1701,5.99,0
0_889,23.99,0
0_1473,15.99,0
1_592,23.68,1
2_155,46.99,2
0_1015,10.99,0
0_980,31.06,0
0_1885,6.99,0
1_142,17.76,1
0_1589,28.99,0
0_1141,20.99,0
0_1223,5.99,0
0_2290,8.8,0
1_224,4.95,1
0_1433,27.99,0
0_1485,18.99,0
0_287,9.99,0
1_507,25.99,1
0_425,23.99,0
0_1894,8.77,0
0_994,20.71,0
0_2094,29.02,0
0_1379,2.99,0
1_147,28.99,1
0_1262,21.71,0
0_211,12.99,0
0_976,11.8,0
0_1911,12.99,0
0_84,25.07,0
0_644,3.61,0
0_2004,10.38,0
1_62,22.79,1
0_268,6.83,0
0_377,6.99,0
0_1738,7.69,0
0_1842,20.26,0
0_1816,7.33,0
0_524,5.83,0
1_21,22.99,1
0_247,27.99,0
0_292,31.3,0
1_263,40.99,1
0_2127,12.99,0
0_269,4.99,0
1_506,13.65,1
0_861,11.99,0
0_1039,11.99,0
1_541,13.99,1
0_2115,4.99,0
0_1006,26.64,0
0_1127,5.99,0
0_1844,0.77,0
2_236,118.51,2
0_2182,16.09,0
0_173,2.99,0
0_1851,13.99,0
0_1951,5.99,0
0_1765,20.99,0
1_74,35.02,1
0_1858,1.83,0
0_1472,12.49,0
0_1544,37.91,0
1_391,49.99,1
0_77,21.99,0
0_1580,13.26,0
0_1188,14.94,0
1_546,55.89,1
0_2216,4.56,0
0_2159,22.99,0
0_505,25.99,0
1_538,27.03,1
0_1411,8.99,0
0_1219,3.99,0
1_573,9.99,1
0_192,8.61,0
0_891,21.99,0
0_1679,6.99,0
0_1273,8.99,0
0_1958,11.1,0
1_92,11.03,1
0_596,6.18,0
0_1228,3.55,0
1_685,15.99,1
2_149,80.99,2
0_2259,7.99,0
1_648,32.98,1
0_1565,7.99,0
0_762,6.57,0
0_741,1.99,0
0_1496,2.42,0
0_771,4.99,0
0_409,6.99,0
0_1120,21.84,0
1_632,60.87,1
0_462,11.13,0
0_1214,21.91,0
0_50,22.08,0
0_172,8.33,0
0_2238,19.23,0
1_675,8.99,1
0_1778,28.46,0
0_895,16.99,0
0_250,7.08,0
0_153,3.99,0
0_1465,3.99,0
0_1287,11.99,0
1_493,10.99,1
0_1403,15.99,0
2_232,104.06,2
0_1900,25.32,0
0_1384,14.44,0
0_638,7.72,0
2_7,69.99,2
0_224,12.51,0
0_453,29.99,0
0_1702,13.13,0
0_1457,11.99,0
0_800,6.99,0
1_473,2.99,1
0_208,14.36,0
0_2223,4.99,0
0_201,3.99,0
0_191,8.99,0
0_1998,24.2,0
2_211,203.99,2
0_1741,17.99,0
0_1563,3.99,0
0_1506,10.0,0
1_3,12.99,1
1_52,14.04,1
0_1936,28.82,0
0_1303,7.99,0
0_575,3.99,0
0_2054,10.58,0
0_920,37.46,0
0_2105,5.99,0
0_1129,24.99,0
0_973,10.99,0
1_237,18.99,1
1_186,10.64,1
0_951,9.99,0
0_1494,7.6,0
0_1940,18.31,0
0_2242,31.79,0
0_1655,2.99,0
0_1532,17.14,0
0_94,27.76,0
0_195,15.99,0
1_100,15.13,1
2_48,73.62,2
0_111,19.99,0
0_1729,14.99,0
1_642,37.13,1
0_909,18.99,0
0_380,2.98,0
2_159,145.99,2
0_770,9.48,0
1_361,5.99,1
0_2048,11.84,0
1_557,36.99,1
0_2037,14.99,0
1_545,31.99,1
1_230,4.05,1
2_157,142.99,2
0_698,1.44,0
0_1160,17.87,0
1_407,15.99,1
1_130,11.14,1
0_304,17.72,0
0_489,19.99,0
0_608,3.78,0
0_1270,6.62,0
0_1803,2.99,0
0_156,12.14,0
0_677,24.99,0
0_1021,8.99,0
0_840,17.07,0
1_127,39.99,1
0_516,10.1,0
0_563,17.99,0
1_133,21.99,1
0_1060,12.53,0
0_390,22.11,0
0_751,6.99,0
1_625,22.99,1
0_1311,18.99,0
1_275,41.99,1
0_1645,2.99,0
2_15,123.99,2
0_1828,6.95,0
1_721,21.99,1
2_178,176.2,2
0_694,11.35,0
0_1640,10.71,0
1_335,43.99,1
1_398,10.17,1
0_1255,10.99,0
0_1261,8.99,0
0_1074,2.44,0
0_1628,9.99,0
0_494,39.58,0
1_393,35.99,1
0_745,13.99,0
0_1084,22.92,0
0_830,11.89,0
1_579,23.99,1
1_715,62.99,1
0_2250,20.77,0
0_514,29.15,0
0_707,4.99,0
0_583,10.99,0
2_190,175.67,2
0_1151,2.99,0
0_1542,18.09,0
0_1078,6.92,0
0_947,5.99,0
1_216,35.03,1
0_369,10.99,0
1_479,62.99,1
1_460,7.53,1
1_347,21.99,1
0_341,3.99,0
0_1945,6.99,0
0_2215,3.99,0
0_459,4.99,0
1_663,17.99,1
0_880,13.28,0
0_1515,6.99,0
0_170,9.92,0
0_746,23.86,0
2_64,163.94,2
1_613,4.99,1
0_1698,14.24,0
0_439,5.99,0
0_878,12.69,0
0_1809,13.99,0
0_2227,4.99,0
1_323,32.99,1
0_2262,21.13,0
0_419,20.99,0
0_1525,6.99,0
0_1159,7.99,0
2_168,104.76,2
0_1164,31.23,0
0_2205,15.99,0
1_337,24.99,1
0_1688,7.26,0
0_1079,5.99,0
0_106,9.4,0
0_2046,32.34,0
0_1905,7.99,0
2_109,53.99,2
0_1385,11.99,0
0_2008,15.97,0
0_801,11.99,0
0_603,14.99,0
1_146,31.98,1
1_117,41.99,1
0_231,14.99,0
0_1976,13.4,0
1_384,46.95,1
1_601,21.99,1
1_328,29.24,1
0_3,28.99,0
0_62,4.44,0
0_1788,8.34,0
0_765,10.99,0
0_2278,26.01,0
0_500,5.14,0
0_1216,19.75,0
0_405,19.99,0
0_688,17.65,0
0_1627,3.99,0
1_11,39.99,1
1_341,42.99,1
0_1378,13.96,0
2_167,236.99,2
2_124,100.56,2
0_374,1.82,0
0_1186,12.3,0
0_1890,5.17,0
1_455,33.99,1
0_93,16.99,0
0_954,6.51,0
0_2156,4.63,0
0_1242,7.97,0
0_1751,25.99,0
1_187,26.99,1
0_2194,6.57,0
0_739,11.99,0
0_970,8.32,0
0_96,9.45,0
0_1728,2.27,0
1_489,6.99,1
0_1409,4.99,0
0_1907,9.99,0
0_1257,10.99,0
0_1985,5.99,0
0_705,16.99,0
0_1518,4.18,0
0_1891,5.99,0
0_340,6.43,0
0_55,6.99,0
0_1090,13.78,0
2_60,111.72,2
0_674,13.95,0
0_353,12.99,0
0_1044,6.59,0
0_2154,8.15,0
0_1417,17.99,0
0_169,18.99,0
0_945,22.99,0
1_166,15.81,1
1_2,7.77,1
0_1717,13.99,0
0_609,3.99,0
0_764,5.59,0
0_1158,10.18,0
0_627,2.99,0
0_1179,5.99,0
2_206,71.21,2
1_500,34.93,1
0_942,2.02,0
0_1115,6.99,0
1_426,19.44,1
0_261,7.99,0
0_804,19.19,0
1_310,14.2,1
1_113,50.99,1
0_1071,22.99,0
0_2067,1.99,0
0_1266,4.28,0
0_1211,2.99,0
0_2221,4.99,0
0_530,13.23,0
1_53,28.99,1
0_1048,4.42,0
1_661,22.99,1
0_984,4.41,0
1_595,31.99,1
0_1402,3.0,0
0_360,11.75,0
0_371,11.99,0
0_1221,2.99,0
2_175,60.99,2
0_322,2.99,0
1_173,15.99,1
1_254,47.69,1
0_1234,7.29,0
2_179,49.99,2
0_290,18.93,0
0_239,8.99,0
1_709,45.99,1
0_329,4.99,0
0_1067,12.99,0
0_1557,6.99,0
1_340,42.25,1
0_1341,9.99,0
1_598,14.05,1
0_138,19.95,0
0_1904,15.51,0
0_613,15.99,0
0_1011,13.99,0
0_2126,17.36,0
1_288,22.09,1
0_1169,9.99,0
0_223,5.99,0
0_1180,14.25,0
1_220,23.37,1
0_1756,14.67,0
0_1620,0.8,0
0_1086,1.41,0
1_120,64.59,1
1_292,8.04,1
0_1017,8.99,0
1_90,24.19,1
2_205,100.99,2
0_735,21.99,0
2_85,128.99,2
0_305,8.99,0
0_515,11.99,0
0_740,15.66,0
0_2130,18.24,0
0_1025,24.99,0
0_317,16.99,0
1_618,29.36,1
0_316,13.77,0
2_160,62.83,2
0_810,3.8,0
0_606,4.86,0
1_406,24.81,1
1_246,18.75,1
0_2013,9.99,0
0_1661,5.99,0
1_76,36.32,1
0_49,23.99,0
0_1746,9.02,0
0_1304,5.86,0
0_144,17.56,0
0_2236,16.17,0
0_2011,16.99,0
0_975,7.99,0
1_258,31.0,1
1_623,49.99,1
0_1058,3.69,0
0_243,14.99,0
0_2053,14.99,0
2_113,56.99,2
0_336,3.23,0
0_2101,20.99,0
2_189,142.99,2
0_1543,13.99,0
1_261,44.99,1
0_537,16.99,0
0_1073,13.99,0
0_1491,5.99,0
1_440,7.32,1
0_1416,9.56,0
0_1448,18.94,0
0_776,19.72,0
0_561,6.99,0
0_935,3.99,0
0_588,9.28,0
1_118,30.51,1
0_362,22.77,0
0_242,32.52,0
0_628,19.03,0
1_329,4.99,1
0_78,12.87,0
1_458,51.55,1
0_2212,6.75,0
0_452,19.72,0
0_2168,11.17,0
0_1244,2.49,0
1_735,22.99,1
0_125,3.99,0
0_1272,17.01,0
0_2006,13.11,0
1_150,22.42,1
1_510,26.93,1
0_581,8.99,0
0_318,6.01,0
0_1680,18.0,0
1_559,24.99,1
1_194,52.03,1
0_1358,16.49,0
0_1990,22.11,0
0_1488,4.6,0
1_25,15.99,1
0_1117,24.99,0
0_841,19.99,0
0_1157,18.99,0
1_72,9.84,1
1_260,17.63,1
1_346,39.88,1
0_2210,15.1,0
1_212,39.86,1
0_209,6.99,0
0_2218,3.27,0
0_743,16.99,0
0_584,19.82,0
0_882,24.75,0
0_465,14.99,0
0_701,8.99,0
0_2153,21.99,0
1_547,15.99,1
2_237,40.99,2
0_368,5.75,0
0_370,11.37,0
0_1104,13.21,0
1_636,52.72,1
1_125,30.99,1
0_423,1.99,0
0_349,2.99,0
0_326,16.21,0
0_2082,24.33,0
0_456,8.19,0
0_1105,8.99,0
0_1669,6.99,0
1_652,27.52,1
0_2173,9.99,0
0_1469,14.99,0
0_378,8.79,0
0_1848,23.11,0
0_149,17.99,0
0_579,6.99,0
0_1700,18.49,0
1_17,39.99,1
0_590,24.35,0
0_1371,21.99,0
0_168,9.28,0
0_987,23.99,0
0_656,7.54,0
0_1440,5.62,0
0_1316,7.2,0
0_1213,21.99,0
0_1924,12.36,0
1_688,18.19,1
0_189,12.99,0
0_2045,10.99,0
0_122,5.76,0
0_526,19.26,0
0_2122,17.76,0
0_1568,4.0,0
0_1521,17.99,0
0_1757,1.99,0
0_517,7.99,0
0_2146,11.14,0
0_1696,8.46,0
0_637,4.99,0
2_75,96.99,2
0_1415,34.99,0
0_988,31.34,0
0_1181,11.99,0
0_1292,9.8,0
2_213,189.99,2
0_1873,10.99,0
0_2058,5.52,0
0_252,20.54,0
0_41,2.99,0
0_2036,20.49,0
0_345,3.99,0
0_600,14.09,0
0_21,4.99,0
0_2252,23.92,0
0_342,15.51,0
0_1854,3.15,0
0_1327,2.99,0
0_1695,2.99,0
2_140,42.48,2
0_636,17.29,0
0_2076,11.39,0
1_344,5.07,1
1_363,16.99,1
0_1925,25.99,0
1_184,67.65,1
2_180,85.28,2
0_373,6.99,0
0_1098,31.25,0
0_781,10.99,0
0_632,20.77,0
0_1101,1.99,0
1_39,12.99,1
0_1887,5.99,0
0_1399,17.99,0
0_722,20.31,0
0_296,8.35,0
0_2171,4.99,0
0_733,9.99,0
2_87,220.99,2
0_969,11.99,0
0_508,8.5,0
0_132,15.97,0
0_481,4.99,0
0_757,9.99,0
2_171,79.99,2
0_678,4.29,0
2_152,34.23,2
0_300,6.19,0
0_1065,15.99,0
0_1913,3.99,0
2_56,116.67,2
0_965,19.99,0
0_539,14.99,0
0_799,11.99,0
0_2244,8.37,0
0_604,33.54,0
2_191,67.99,2
1_434,15.87,1
2_84,182.3,2
0_1910,10.85,0
0_1345,17.99,0
1_109,22.99,1
0_2284,5.69,0
1_617,14.99,1
1_677,16.99,1
1_639,10.99,1
0_337,22.99,0
0_2086,3.61,0
0_562,3.64,0
0_997,9.99,0
0_807,1.99,0
1_700,7.01,1
0_669,6.99,0
0_1475,11.99,0
1_726,10.79,1
0_1955,10.99,0
1_395,28.99,1
2_52,119.07,2
1_634,21.18,1
0_2110,7.04,0
1_565,19.99,1
0_355,3.99,0
0_978,19.11,0
0_1077,1.99,0
0_1280,11.96,0
1_185,33.99,1
0_1722,3.78,0
1_401,32.99,1
0_328,20.06,0
0_1638,5.46,0
1_267,27.99,1
0_858,21.29,0
0_2134,5.57,0
0_1020,9.71,0
0_2139,4.99,0
0_151,13.99,0
2_134,85.27,2
1_640,11.9,1
0_1852,7.67,0
1_289,32.99,1
2_108,63.36,2
0_1356,5.57,0
1_521,22.99,1
0_1271,1.99,0
1_293,22.99,1
1_243,42.99,1
1_508,21.92,1
0_866,8.51,0
2_35,139.99,2
1_684,11.2,1
0_54,18.57,0
0_2295,1.99,0
0_335,14.99,0
0_1771,0.99,0
1_453,13.99,1
1_334,39.35,1
1_611,16.99,1
0_2271,13.99,0
0_1343,21.99,0
0_1906,28.57,0
0_1264,15.97,0
1_86,34.77,1
1_416,64.62,1
1_399,3.99,1
0_714,4.14,0
0_595,6.99,0
2_216,72.01,2
1_18,6.43,1
1_325,27.99,1
1_643,29.99,1
0_1002,8.31,0
1_134,13.0,1
1_542,19.47,1
1_705,37.99,1
0_999,9.99,0
0_1796,4.51,0
0_594,4.95,0
0_1533,27.99,0
0_663,20.99,0
0_1953,8.99,0
0_1660,4.68,0
0_898,1.27,0
0_410,25.23,0
2_229,80.99,2
0_883,14.99,0
0_974,11.75,0
0_1875,4.99,0
0_2274,5.91,0
0_274,11.87,0
1_614,10.73,1
0_1617,11.99,0
0_834,15.77,0
0_2003,6.99,0
0_2170,24.04,0
0_1091,9.99,0
0_1030,13.73,0
1_311,16.99,1
0_996,11.64,0
1_31,37.99,1
0_1726,1.57,0
0_1043,10.99,0
0_972,15.7,0
0_1382,15.62,0
0_361,14.99,0
0_487,4.99,0
1_227,61.99,1
0_1353,19.99,0
0_2073,2.99,0
0_952,10.47,0
0_736,6.03,0
0_1962,6.08,0
0_1859,4.99,0
2_62,60.96,2
0_1888,9.78,0
1_245,23.99,1
0_213,14.99,0
0_523,4.99,0
0_1510,2.18,0
1_445,23.99,1
1_683,13.99,1
0_1189,17.99,0
0_1132,11.33,0
1_430,4.93,1
2_174,83.63,2
0_491,16.99,0
0_115,6.99,0
0_752,14.74,0
1_164,21.64,1
0_121,16.99,0
0_1001,4.99,0
0_1813,25.99,0
0_235,9.99,0
1_394,39.73,1
0_42,22.68,0
1_207,9.99,1
0_689,14.99,0
0_682,11.59,0
0_566,4.27,0
0_1085,3.99,0
0_1918,29.04,0
0_1839,10.99,0
1_441,24.99,1
0_1040,6.25,0
1_295,3.99,1
0_2107,5.99,0
0_395,9.99,0
0_697,9.99,0
0_693,7.99,0
0_1027,4.99,0
1_702,15.2,1
0_393,13.99,0
0_1286,24.2,0
1_568,19.35,1
0_1514,11.01,0
0_1313,13.99,0
0_124,20.17,0
0_1977,5.99,0
2_203,136.99,2
0_990,4.61,0
2_234,81.19,2
0_777,12.99,0
1_474,49.47,1
0_1354,7.02,0
1_202,19.96,1
0_1917,1.99,0
2_4,222.97,2
0_1483,4.99,0
0_1493,14.99,0
0_708,20.81,0
0_635,18.99,0
0_1175,8.99,0
1_627,35.99,1
0_1740,21.75,0
0_2265,2.99,0
2_222,103.58,2
0_1574,9.67,0
0_188,6.6,0
1_313,27.99,1
0_1560,12.12,0
0_1643,16.99,0
0_1539,0.99,0
0_1974,4.74,0
0_1427,28.99,0
2_224,87.4,2
0_1277,7.99,0
1_64,19.81,1
1_612,29.55,1
1_192,21.61,1
0_2133,3.99,0
1_575,6.99,1
1_96,7.58,1
0_359,6.99,0
0_427,20.99,0
0_1451,19.99,0
2_91,96.99,2
0_1810,5.96,0
0_2021,12.99,0
1_630,10.75,1
1_560,18.18,1
2_193,114.99,2
0_1435,13.99,0
0_2084,10.8,0
0_1200,13.9,0
0_863,7.99,0
1_197,5.99,1
0_956,10.34,0
0_493,7.99,0
0_1908,15.21,0
0_1405,4.99,0
2_74,120.22,2
0_187,1.99,0
0_1154,12.82,0
0_2202,8.12,0
1_304,26.64,1
1_722,33.3,1
2_72,141.32,2
0_652,4.03,0
0_1497,30.99,0
1_689,35.99,1
0_351,4.99,0
0_1632,9.21,0
1_217,61.99,1
2_19,69.99,2
0_2230,15.02,0
1_483,15.99,1
0_1278,8.96,0
0_676,3.86,0
0_1762,16.82,0
0_1747,3.99,0
2_125,231.99,2
1_290,32.79,1
0_683,11.99,0
0_2078,14.6,0
0_1706,3.19,0
0_1536,6.59,0
0_1811,4.99,0
0_2087,26.99,0
0_386,19.42,0
0_917,10.99,0
0_163,7.99,0
0_141,2.99,0
0_531,7.99,0
0_91,0.99,0
0_869,9.99,0
0_1857,12.99,0
0_854,2.21,0
0_2044,5.28,0
0_1128,2.96,0
0_1806,1.61,0
0_1869,19.99,0
0_2208,10.95,0
0_432,26.46,0
0_546,3.43,0
0_914,12.02,0
0_724,21.78,0
0_1467,4.99,0
1_170,14.22,1
0_1076,25.11,0
0_2211,9.99,0
0_1870,9.06,0
0_1882,15.95,0
1_256,26.05,1
0_277,29.99,0
0_620,25.31,0
0_492,9.9,0
1_350,20.83,1
0_1225,12.99,0
0_1113,16.99,0
2_25,101.99,2
0_366,9.02,0
0_1339,8.99,0
0_1184,4.1,0
1_615,23.99,1
2_154,96.74,2
0_79,24.99,0
0_1793,3.99,0
0_728,30.58,0
0_418,7.69,0
1_737,6.99,1
1_420,7.12,1
0_276,1.81,0
1_79,32.99,1
0_1996,19.48,0
1_408,35.24,1
0_403,3.99,0
0_280,4.09,0
1_378,26.61,1
0_1759,0.99,0
0_1786,19.2,0
0_2225,2.99,0
0_651,19.99,0
0_1562,14.73,0
0_938,11.79,0
0_29,13.99,0
0_212,13.82,0
0_387,16.99,0
0_885,8.99,0
0_1555,15.99,0
0_504,3.43,0
0_430,4.01,0
1_46,37.1,1
1_126,18.6,1
0_1299,6.99,0
0_1306,16.22,0
0_129,21.99,0
0_457,5.99,0
0_1664,25.72,0
0_1993,21.99,0
0_1720,8.65,0
1_490,57.92,1
1_411,32.99,1
0_285,13.99,0
1_390,8.58,1
0_2149,2.99,0
0_1024,30.11,0
0_2287,2.99,0
1_60,26.46,1
0_1064,4.57,0
0_2280,20.42,0
0_198,19.08,0
1_422,30.76,1
0_1966,8.06,0
0_912,18.31,0
0_989,18.99,0
0_30,16.24,0
0_406,10.57,0
0_1774,11.54,0
1_368,49.42,1
1_492,45.78,1
0_1602,20.19,0
0_904,11.98,0
0_825,11.99,0
0_221,13.99,0
0_344,16.04,0
0_780,2.5,0
0_1537,5.99,0
0_210,1.87,0
0_2161,10.99,0
0_918,3.41,0
1_451,20.99,1
0_1678,13.83,0
0_16,3.22,0
0_411,25.99,0
0_1531,6.99,0
0_821,12.99,0
0_716,26.69,0
0_2016,2.26,0
2_38,93.48,2
0_2251,14.99,0
0_1229,6.99,0
0_1616,13.5,0
0_993,10.99,0
1_144,45.09,1
1_464,15.01,1
0_1121,19.99,0
1_603,34.99,1
0_476,21.64,0
0_1258,17.94,0
0_855,7.99,0
0_485,12.99,0
0_347,17.99,0
0_573,34.99,0
1_540,6.59,1
1_222,23.17,1
0_1921,7.99,0
0_1047,6.99,0
0_1243,15.99,0
1_188,12.54,1
0_817,15.99,0
0_838,18.02,0
1_225,18.99,1
0_642,10.32,0
0_943,7.99,0
0_488,4.39,0
0_420,15.01,0
2_119,164.99,2
0_331,19.99,0
0_234,25.43,0
0_66,7.11,0
2_21,105.99,2
0_413,5.99,0
0_1950,2.5,0
0_1551,12.99,0
2_14,136.07,2
0_1896,10.45,0
0_117,7.99,0
0_143,34.99,0
0_934,5.02,0
0_555,18.99,0
1_562,40.5,1
1_253,14.99,1
0_619,7.99,0
0_1512,5.29,0
0_2140,12.47,0
1_600,33.08,1
0_1676,10.96,0
0_2179,7.99,0
2_199,136.99,2
0_215,5.99,0
0_1406,2.5,0
0_167,25.99,0
0_294,13.83,0
0_1309,18.99,0
1_228,51.71,1
1_161,23.99,1
0_2062,16.01,0
0_1707,16.99,0
0_948,6.25,0
1_353,26.99,1
0_633,16.99,0
0_301,8.99,0
0_1377,14.99,0
0_2032,23.32,0
0_1743,5.99,0
0_884,2.15,0
2_93,78.99,2
0_76,8.59,0
1_415,59.99,1
0_1705,22.99,0
0_599,10.99,0
0_983,12.99,0
0_618,3.08,0
0_1250,5.17,0
0_1821,13.99,0
2_73,111.99,2
2_43,69.99,2
0_1766,4.55,0
0_1503,15.99,0
0_13,7.99,0
0_2020,10.01,0
1_132,14.41,1
1_316,19.74,1
0_2175,18.99,0
2_90,182.3,2
0_499,13.99,0
1_81,33.99,1
0_828,11.36,0
0_1965,4.99,0
0_226,1.49,0
0_1347,5.99,0
1_234,18.58,1
1_512,35.06,1
0_690,4.9,0
1_469,5.99,1
0_1648,2.77,0
0_467,13.99,0
0_542,18.18,0
0_1725,14.99,0
0_178,28.36,0
0_497,3.99,0
0_399,16.99,0
0_244,6.71,0
0_314,16.67,0
0_1681,13.99,0
2_26,42.51,2
0_870,3.73,0
0_1785,8.99,0
0_1876,12.85,0
1_633,3.99,1
0_653,3.99,0
0_545,6.99,0
0_1866,4.84,0
2_13,50.99,2
0_1134,11.72,0
0_1372,1.78,0
0_2298,19.47,0
0_330,4.36,0
0_1135,26.99,0
0_206,5.43,0
1_417,20.99,1
0_2029,3.99,0
1_294,31.24,1
0_1799,9.99,0
1_725,8.99,1
1_365,13.99,1
0_128,18.61,0
2_153,139.99,2
0_1246,7.01,0
1_312,24.56,1
0_679,4.99,0
0_1782,11.13,0
0_1787,4.99,0
0_384,6.78,0
0_2201,20.99,0
0_310,1.94,0
0_702,4.41,0
0_2213,10.99,0
1_414,23.83,1
0_2192,16.87,0
0_1215,31.99,0
0_1429,7.99,0
0_2264,9.93,0
1_42,46.37,1
0_424,14.99,0
0_933,8.99,0
0_572,13.7,0
0_286,3.75,0
0_1492,26.65,0
0_1408,1.01,0
0_1391,7.99,0
2_177,88.99,2
0_696,1.67,0
0_1607,3.99,0
0_228,7.62,0
1_169,19.99,1
0_1868,5.27,0
0_334,2.27,0
0_101,12.99,0
0_789,7.99,0
0_643,0.99,0
0_1147,6.99,0
1_676,19.5,1
0_1874,3.09,0
0_554,29.22,0
0_1847,8.99,0
0_1288,9.55,0
0_1150,24.4,0
0_1268,6.29,0
1_160,18.21,1
1_27,14.99,1
0_246,3.97,0
1_320,27.46,1
0_1997,3.99,0
1_650,44.15,1
1_232,12.22,1
0_1884,5.38,0
0_1426,13.44,0
0_2129,5.99,0
1_177,43.99,1
0_543,7.99,0
1_298,49.1,1
0_1944,13.57,0
1_210,28.65,1
2_41,68.99,2
0_1279,20.99,0
1_569,46.99,1
0_140,3.09,0
1_528,33.53,1
1_206,33.09,1
0_737,20.99,0
0_1282,5.67,0
0_528,0.62,0
0_915,18.99,0
2_227,50.99,2
0_1826,13.48,0
0_1754,15.2,0
0_1898,2.45,0
1_631,14.99,1
0_961,23.99,0
2_114,85.89,2
0_24,5.35,0
0_1414,19.38,0
0_1704,11.61,0
0_1930,5.97,0
1_242,16.31,1
0_31,13.99,0
0_108,13.93,0
1_435,11.99,1
0_1520,9.32,0
1_444,12.61,1
0_1585,4.99,0
2_18,129.11,2
1_497,49.99,1
0_1995,27.99,0
0_2109,12.99,0
0_1034,14.38,0
0_417,4.99,0
1_162,19.58,1
0_2051,22.99,0
0_2114,6.06,0
1_703,9.99,1
0_1364,0.81,0
1_156,32.67,1
2_220,130.8,2
1_505,16.99,1
0_1490,10.4,0
0_1541,11.99,0
2_66,150.72,2
1_584,9.73,1
0_1732,24.95,0
0_1208,5.65,0
0_1634,5.8,0
0_1479,15.99,0
0_1300,20.91,0
0_971,9.99,0
0_2136,16.42,0
0_1968,4.35,0
1_193,40.99,1
0_964,1.61,0
1_668,33.17,1
0_2075,8.99,0
0_725,10.99,0
1_43,23.99,1
1_514,67.66,1
0_1893,18.99,0
0_580,4.13,0
1_439,38.99,1
0_133,5.99,0
0_1588,24.39,0
0_1666,8.78,0
0_536,3.26,0
0_913,14.99,0
0_753,7.99,0
0_1466,23.58,0
0_1222,6.99,0
0_582,11.86,0
0_658,30.66,0
1_405,7.99,1
1_647,29.99,1
0_1432,15.36,0
0_1241,1.99,0
0_402,4.95,0
2_104,43.35,2
0_165,13.99,0
0_1254,5.22,0
2_102,59.14,2
0_941,14.99,0
0_270,2.29,0
0_503,18.99,0
2_132,166.21,2
0_509,5.99,0
0_982,13.61,0
0_717,8.99,0
0_647,4.99,0
0_202,0.62,0
0_404,28.77,0
0_2167,15.99,0
1_641,9.99,1
0_1561,5.99,0
0_1460,4.59,0
0_1447,4.99,0
0_624,6.6,0
2_65,99.99,2
0_577,9.99,0
0_1453,7.99,0
1_58,2.95,1
1_589,20.99,1
0_1577,2.99,0
0_1218,3.32,0
0_819,3.99,0
2_51,84.99,2
0_692,3.74,0
0_1063,5.99,0
0_295,15.99,0
0_2090,11.46,0
0_1471,12.99,0
0_1963,9.99,0
1_119,31.99,1
1_248,10.75,1
0_919,18.99,0
0_1501,11.99,0
0_640,13.09,0
1_191,16.99,1
1_530,18.55,1
1_527,19.99,1
0_1606,17.4,0
1_151,41.99,1
1_268,8.37,1
0_1814,20.45,0
0_2042,6.59,0
2_221,90.99,2
0_1818,8.99,0
0_401,26.99,0
0_1790,15.11,0
2_111,114.99,2
0_1087,29.99,0
0_704,16.92,0
2_169,111.99,2
0_47,4.99,0
1_423,8.99,1
0_1226,9.97,0
0_857,6.99,0
1_533,11.99,1
2_39,57.99,2
0_1654,14.13,0
0_416,18.56,0
0_1737,26.99,0
0_1624,24.5,0
0_2177,34.99,0
0_625,16.99,0
0_7,7.99,0
0_1459,0.99,0
0_1295,10.99,0
0_786,7.53,0
1_322,51.6,1
0_1167,8.99,0
0_1362,11.3,0
0_1036,7.56,0
0_1612,13.54,0
2_63,124.99,2
1_467,8.99,1
1_233,43.99,1
0_478,14.84,0
1_621,17.99,1
0_612,0.88,0
1_112,6.62,1
1_55,7.99,1
0_1441,18.99,0
2_24,96.88,2
1_449,14.99,1
1_376,17.49,1
2_208,54.87,2
0_922,12.95,0
1_588,12.62,1
0_2220,2.41,0
0_706,3.41,0
0_429,1.99,0
0_241,8.99,0
0_655,9.99,0
0_40,8.03,0
0_747,6.99,0
1_655,5.99,1
0_827,17.99,0
2_207,50.99,2
0_1776,21.16,0
2_186,84.96,2
0_1865,15.99,0
1_176,58.54,1
0_1784,19.84,0
0_319,19.99,0
0_1928,9.96,0
0_468,17.89,0
1_738,18.73,1
0_1476,15.66,0
0_1248,7.49,0
0_1591,9.99,0
0_1072,14.82,0
0_525,2.99,0
1_131,6.99,1
0_659,21.99,0
2_110,62.25,2
1_80,28.66,1
0_1478,2.09,0
2_3,202.99,2
0_1675,23.99,0
0_1249,12.99,0
0_759,22.99,0
0_1633,24.99,0
0_2183,8.99,0
0_862,1.84,0
0_814,3.25,0
2_156,188.48,2
0_824,4.45,0
0_860,13.82,0
0_35,13.99,0
0_1285,4.99,0
0_454,14.23,0
0_230,5.63,0
0_634,11.92,0
0_1450,7.43,0
0_768,3.53,0
0_2241,10.99,0
0_1464,8.27,0
0_773,5.99,0
0_2033,14.99,0
0_1801,3.99,0
2_166,230.04,2
0_837,5.99,0
0_1716,2.19,0
1_149,5.99,1
0_1709,5.99,0
1_195,35.99,1
0_1855,1.99,0
1_75,23.99,1
0_1758,12.64,0
1_36,2.64,1
1_59,8.99,1
0_237,11.99,0
0_2144,1.25,0
1_381,15.99,1
0_535,4.99,0
0_1424,8.41,0
0_597,4.99,0
0_1066,9.44,0
0_549,2.99,0
1_529,17.99,1
0_2261,6.99,0
2_70,129.74,2
0_1677,10.99,0
0_15,12.99,0
0_354,5.71,0
1_180,5.55,1
1_554,43.09,1
0_2025,8.99,0
0_1657,14.99,0
0_1331,29.99,0
0_2112,22.08,0
2_116,46.31,2
1_167,10.99,1
0_616,2.35,0
0_1008,4.73,0
1_727,16.99,1
0_12,13.48,0
0_1263,22.99,0
2_86,132.36,2
0_2257,22.99,0
0_184,23.16,0
0_2070,2.41,0
0_2253,22.99,0
0_1233,21.99,0
0_1734,15.33,0
0_1653,0.99,0
0_83,2.99,0
0_1452,13.77,0
0_1922,3.94,0
0_1201,10.99,0
0_2121,24.99,0
0_2063,7.99,0
0_309,3.99,0
0_660,20.16,0
0_225,16.99,0
0_307,8.99,0
0_601,9.99,0
0_1599,16.99,0
1_158,22.17,1
0_217,1.99,0
0_1964,8.19,0
0_2012,3.69,0
2_204,91.82,2
0_874,11.85,0
0_2165,15.99,0
0_2240,3.67,0
0_1410,14.85,0
0_1650,20.18,0
0_812,3.77,0
0_1825,3.99,0
0_1302,2.92,0
2_57,130.99,2
2_42,120.61,2
0_1708,26.44,0
2_44,70.92,2
1_645,60.99,1
0_592,8.71,0
0_649,9.99,0
0_1237,24.99,0
1_574,33.2,1
0_2176,13.05,0
2_29,142.99,2
0_477,2.99,0
0_615,3.99,0
0_879,9.99,0
0_1420,11.53,0
0_60,37.64,0
0_750,23.74,0
0_1630,12.48,0
2_96,47.91,2
0_339,3.99,0
1_66,9.56,1
0_1097,11.99,0
0_1517,17.99,0
1_336,23.56,1
0_2195,26.99,0
1_240,9.22,1
0_1819,23.99,0
0_2023,14.99,0
0_458,6.75,0
1_104,37.12,1
1_412,16.65,1
0_1767,12.99,0
0_598,17.67,0
0_730,11.52,0
0_1926,10.99,0
0_157,19.99,0
0_1037,20.99,0
1_352,19.57,1
0_2113,12.99,0
0_1511,0.99,0
1_32,14.79,1
0_2022,7.73,0
1_509,9.99,1
0_89,14.99,0
0_428,7.01,0
0_2009,3.99,0
1_175,6.99,1
1_305,29.99,1
0_1296,5.83,0
1_695,26.99,1
0_1942,15.36,0
1_26,36.01,1
1_714,5.0,1
1_710,27.94,1
2_59,104.99,2
0_186,2.0,0
0_365,6.99,0
0_25,2.99,0
0_1597,33.99,0
0_1449,4.99,0
0_1935,0.99,0
1_658,7.72,1
0_392,26.17,0
1_163,35.99,1
0_1335,17.99,0
0_1369,30.99,0
0_2007,9.99,0
1_429,49.99,1
0_995,10.99,0
0_364,15.5,0
0_1663,5.99,0
0_2193,23.99,0
0_1686,17.64,0
0_672,5.76,0
0_37,1.99,0
0_910,15.92,0
0_1260,10.35,0
0_1983,4.99,0
0_923,3.99,0
0_1143,9.99,0
0_1863,10.99,0
0_1572,8.61,0
0_1831,6.99,0
0_532,12.71,0
0_1753,10.99,0
1_427,32.99,1
0_1049,12.99,0
0_20,13.53,0
0_848,1.73,0
1_369,23.99,1
0_1198,11.59,0
0_175,15.99,0
0_179,22.99,0
0_45,2.99,0
1_12,18.19,1
0_729,28.99,0
1_83,16.99,1
1_15,16.99,1
1_38,9.1,1
1_525,36.99,1
0_1383,12.99,0
1_386,5.73,1
0_1956,13.05,0
0_251,6.99,0
0_1991,23.99,0
0_1581,37.99,0
0_1901,10.99,0
1_563,5.99,1
1_16,63.92,1
0_2269,6.99,0
0_1495,22.99,0
1_211,37.99,1
0_2145,10.99,0
2_135,68.99,2
0_1683,2.99,0
0_1337,21.99,0
0_43,2.99,0
0_1146,20.42,0
0_1524,13.94,0
0_1396,9.57,0
0_2273,24.99,0
0_1032,21.6,0
2_200,115.75,2
0_1535,1.99,0
1_539,49.99,1
0_1029,7.99,0
0_937,10.99,0
0_1481,3.99,0
0_311,6.99,0
0_671,8.99,0
0_2178,9.22,0
0_367,8.99,0
0_299,22.99,0
0_10,17.95,0
0_1404,6.84,0
1_730,22.65,1
0_160,9.12,0
0_2041,15.99,0
1_580,21.09,1
0_426,9.02,0
2_97,160.99,2
0_391,8.99,0
1_436,11.76,1
0_818,19.27,0
0_185,11.99,0
0_2266,7.7,0
0_977,7.99,0
0_1305,21.99,0
0_1023,4.99,0
1_63,16.99,1
0_109,4.99,0
1_297,56.99,1
0_1817,20.99,0
0_1026,9.65,0
0_273,4.99,0
1_501,41.99,1
0_558,13.29,0
1_567,11.99,1
0_1498,2.48,0
0_1165,2.99,0
0_1156,12.79,0
0_1961,3.99,0
0_74,16.0,0
1_452,40.8,1
0_2027,21.99,0
0_255,16.99,0
0_839,9.99,0
0_1992,14.42,0
1_204,6.73,1
1_680,6.2,1
1_141,22.99,1
0_437,4.99,0
0_1276,23.17,0
0_1381,5.99,0
0_479,10.99,0
2_194,138.53,2
0_1579,3.99,0
0_1283,0.99,0
0_1994,4.98,0
0_447,20.99,0
0_1428,3.55,0
0_1914,21.44,0
0_1438,9.31,0
0_865,1.99,0
0_1425,12.99,0
1_561,30.99,1
1_123,2.99,1
1_301,27.99,1
0_1500,21.61,0
0_1041,1.99,0
0_1042,18.53,0
1_517,5.99,1
0_72,9.84,0
0_1552,0.98,0
0_788,10.97,0
0_2255,13.99,0
0_182,11.04,0
0_1312,22.71,0
0_1570,2.56,0
0_1035,3.99,0
0_949,10.99,0
0_1846,3.51,0
2_141,158.99,2
1_28,13.03,1
0_382,9.82,0
0_1651,0.99,0
1_402,34.52,1
0_68,2.94,0
0_338,6.98,0
0_1604,17.51,0
0_254,9.55,0
2_117,105.99,2
0_666,8.54,0
0_809,16.99,0
0_902,0.92,0
0_2111,12.99,0
0_1349,15.99,0
0_2296,16.95,0
0_928,18.27,0
1_78,3.94,1
1_349,32.99,1
2_30,233.54,2
0_434,16.97,0
0_966,23.95,0
0_605,24.99,0
0_2200,20.47,0
1_628,41.37,1
0_438,14.01,0
0_1861,10.99,0
0_610,12.46,0
1_348,16.15,1
1_486,7.77,1
0_1770,20.7,0
0_2089,12.99,0
0_2002,19.16,0
0_981,19.99,0
1_673,12.99,1
1_29,11.99,1
0_1584,11.85,0
0_846,5.03,0
0_892,3.42,0
1_596,11.12,1
2_122,70.0,2
0_1621,17.99,0
0_1598,10.98,0
1_20,36.6,1
0_1499,11.99,0
0_864,4.68,0
0_1153,5.99,0
1_223,16.99,1
2_198,138.32,2
0_2147,39.99,0
1_88,53.42,1
1_359,5.99,1
0_1253,12.99,0
0_1601,1.99,0
0_667,12.99,0
0_2243,8.99,0
0_1909,2.99,0
0_1614,4.03,0
1_103,20.99,1
1_669,15.99,1
1_30,20.85,1
1_437,26.99,1
0_1682,4.22,0
0_1386,13.16,0
1_157,26.99,1
0_1715,2.99,0
0_2187,7.99,0
1_171,73.99,1
0_1291,16.99,0
1_5,9.99,1
0_443,3.99,0
0_1152,10.7,0
0_1284,1.38,0
2_55,108.99,2
1_431,27.99,1
1_606,28.0,1
0_1477,1.99,0
0_1418,8.57,0
0_843,7.99,0
0_631,15.99,0
0_1697,13.99,0
0_1843,5.99,0
0_52,19.59,0
1_22,29.33,1
0_1877,9.99,0
1_296,24.67,1
1_687,7.99,1
1_581,20.99,1
0_1122,20.02,0
0_1791,11.99,0
1_583,16.99,1
2_49,72.99,2
0_1301,5.99,0
1_332,2.24,1
0_332,4.08,0
0_1779,17.99,0
0_375,8.99,0
0_75,4.99,0
0_48,19.25,0
1_145,24.99,1
0_1823,3.99,0
1_488,12.19,1
0_199,8.99,0
0_2125,1.99,0
0_1103,12.99,0
0_1235,1.99,0
0_1575,4.99,0
0_2000,4.84,0
0_385,9.99,0
0_719,4.99,0
0_1769,6.99,0
0_1625,5.99,0
0_744,8.73,0
2_17,103.99,2
2_6,101.51,2
0_1092,22.02,0
0_1927,16.99,0
0_1513,8.99,0
0_1275,3.99,0
1_699,7.99,1
0_611,12.99,0
0_767,14.99,0
0_265,16.99,0
0_2116,13.14,0
0_483,23.99,0
0_1750,7.42,0
0_1981,5.99,0
1_498,23.37,1
0_560,4.53,0
0_1191,0.99,0
0_2301,4.99,0
0_1919,6.99,0
1_599,12.99,1
1_526,8.77,1
0_2132,4.07,0
1_424,4.91,1
1_111,42.99,1
2_50,150.69,2
0_1033,7.99,0
0_921,4.99,0
1_364,10.3,1
0_257,15.99,0
1_404,9.85,1
0_313,6.99,0
0_795,8.99,0
2_129,127.99,2
1_672,39.36,1
0_1829,4.99,0
2_115,50.99,2
0_1289,12.99,0
1_135,7.99,1
0_1610,21.05,0
0_1838,6.75,0
0_70,9.57,0
0_1220,12.98,0
2_138,84.02,2
0_472,30.91,0
1_566,16.95,1
0_150,18.77,0
1_657,53.99,1
1_198,5.84,1
0_2174,4.0,0
0_1699,17.99,0
1_37,31.99,1
0_734,11.16,0
1_701,26.99,1
0_576,15.98,0
0_303,8.99,0
0_1130,12.89,0
0_323,4.99,0
0_2072,4.62,0
0_69,25.99,0
1_443,59.99,1
1_357,5.99,1
0_518,12.1,0
0_232,1.23,0
0_2093,9.99,0
0_2085,11.99,0
0_116,12.71,0
2_161,113.99,2
1_209,8.99,1
1_484,8.28,1
1_472,9.18,1
0_645,2.99,0
1_319,43.99,1
2_80,120.68,2
1_54,18.88,1
1_375,3.99,1
2_184,49.61,2
0_1125,12.99,0
1_278,19.18,1
0_114,19.15,0
2_170,115.93,2
0_732,8.02,0
1_45,26.99,1
1_736,10.29,1
1_734,24.28,1
0_5,22.99,0
0_2055,20.99,0
0_2135,4.99,0
0_2100,6.66,0
2_105,125.99,2
1_608,72.75,1
0_1830,19.43,0
0_275,18.99,0
0_661,17.99,0
1_620,47.3,1
0_73,2.99,0
0_142,19.85,0
0_441,6.99,0
0_2018,4.69,0
0_1674,22.63,0
0_755,3.99,0
0_1045,5.99,0
2_28,103.5,2
1_274,24.4,1
1_534,13.43,1
2_77,145.99,2
0_394,2.14,0
1_465,8.99,1
0_2203,3.99,0
0_1556,18.91,0
0_1748,16.8,0
1_637,32.99,1
0_448,2.64,0
0_1527,7.99,0
0_712,23.37,0
0_1224,14.56,0
0_1553,13.99,0
2_143,78.99,2
1_550,15.54,1
2_22,109.38,2
0_574,14.34,0
2_235,195.99,2
0_1413,2.99,0
1_732,3.28,1
0_1245,5.99,0
2_181,57.99,2
1_570,18.49,1
1_271,16.99,1
1_590,31.82,1
0_541,1.99,0
0_107,11.99,0
0_203,5.99,0
0_591,1.99,0
1_355,35.99,1
2_68,88.29,2
0_1442,4.89,0
0_227,15.99,0
0_1357,15.99,0
1_578,37.44,1
0_63,6.99,0
0_1760,9.09,0
0_1714,16.74,0
0_1038,9.74,0
0_1587,14.99,0
1_692,13.04,1
0_2095,12.99,0
2_210,132.52,2
0_1554,1.98,0
1_544,29.54,1
0_623,3.99,0
0_654,10.57,0
0_1359,25.99,0
1_306,34.18,1
1_367,13.99,1
0_2294,20.58,0
0_1355,18.99,0
0_159,12.99,0
0_2286,6.1,0
0_1850,13.95,0
0_510,23.66,0
0_886,21.82,0
0_2015,2.99,0
0_2010,29.6,0
0_2279,9.99,0
1_392,18.11,1
0_1099,10.99,0
0_2214,2.08,0
0_893,10.99,0
0_709,6.99,0
0_240,6.03,0
0_540,8.65,0
1_262,26.25,1
2_217,102.99,2
1_720,10.86,1
2_58,96.69,2
1_214,44.7,1
0_1711,2.99,0
0_2191,6.99,0
0_2303,11.99,0
1_462,16.66,1
0_99,6.99,0
1_208,14.99,1
0_1892,12.56,0
0_622,19.96,0
0_2142,2.65,0
0_259,1.99,0
0_1375,7.99,0
0_1931,4.99,0
0_320,15.09,0
0_856,10.16,0
1_682,6.49,1
0_183,2.99,0
0_1745,4.99,0
0_962,5.27,0
1_291,9.99,1
0_557,9.99,0
1_382,61.52,1
1_522,22.41,1
1_327,38.99,1
0_22,23.2,0
0_761,4.99,0
0_1592,25.23,0
1_377,38.99,1
2_162,102.82,2
0_1502,8.13,0
0_474,1.54,0
1_67,54.99,1
0_1879,3.99,0
0_1736,3.83,0
1_121,49.99,1
1_358,17.24,1
0_1973,3.99,0
0_484,3.47,0
0_1547,8.99,0
0_1346,21.62,0
0_1860,4.89,0
2_98,149.74,2
1_155,49.99,1
0_71,16.99,0
0_1133,19.99,0
1_200,54.73,1
1_373,31.99,1
0_2005,7.99,0
2_67,32.99,2
0_2308,20.28,0
1_215,33.99,1
0_2207,7.99,0
2_33,30.99,2
0_1946,5.07,0
1_345,32.99,1
0_2099,7.99,0
0_4,25.33,0
0_1519,5.99,0
0_646,29.42,0
0_925,16.99,0
0_723,5.99,0
0_480,24.61,0
0_1171,0.99,0
0_2102,7.06,0
1_572,19.95,1
0_1742,10.12,0
0_1752,5.99,0
0_1558,11.19,0
0_534,2.84,0
0_469,4.99,0
1_459,15.99,1
1_552,56.07,1
0_670,12.59,0
0_1390,19.37,0
0_782,11.84,0
1_105,10.99,1
0_1482,8.32,0
0_158,16.54,0
0_449,17.99,0
0_1723,8.99,0
2_163,68.99,2
1_388,16.7,1
1_14,13.28,1
0_1395,3.99,0
0_281,21.99,0
0_738,4.08,0
0_119,2.99,0
1_597,29.99,1
0_792,8.1,0
0_567,5.99,0
0_565,1.99,0
0_699,18.99,0
0_1445,9.99,0
2_196,103.92,2
1_535,13.99,1
1_602,39.07,1
0_2034,9.64,0
0_473,7.99,0
0_1673,6.99,0
1_330,6.41,1
1_494,49.16,1
0_379,9.99,0
0_2040,20.65,0
0_282,1.57,0
2_130,142.58,2
0_1781,5.99,0
0_1569,15.99,0
0_1185,5.99,0
2_88,77.63,2
0_1986,25.89,0
1_70,36.09,1
0_1534,4.62,0
0_80,5.55,0
0_1957,17.99,0
0_1308,16.56,0
1_713,33.99,1
2_11,201.99,2
0_32,2.14,0
0_279,16.99,0
0_357,4.99,0
0_455,12.99,0
0_1096,10.99,0
1_626,47.35,1
0_346,6.1,0
0_1139,3.99,0
1_33,30.99,1
0_238,1.67,0
0_1967,12.99,0
0_1586,12.71,0
0_1856,9.57,0
0_1929,6.99,0
0_665,6.99,0
0_805,10.99,0
0_1970,27.42,0
0_681,5.99,0
0_164,15.57,0
1_576,17.2,1
2_142,105.24,2
0_758,4.0,0
0_1755,8.99,0
1_106,7.21,1
2_99,84.99,2
1_182,7.71,1
0_553,13.99,0
0_1294,3.28,0
0_315,7.99,0
0_288,19.04,0
0_1867,23.99,0
1_389,24.99,1
2_238,93.92,2
0_1326,14.74,0
1_531,6.99,1
1_110,54.9,1
0_53,3.99,0
0_1718,9.67,0
0_1820,22.3,0
0_1773,10.99,0
0_662,7.54,0
0_297,14.99,0
0_756,2.41,0
0_1018,11.06,0
0_1350,14.45,0
0_1749,34.99,0
1_428,39.23,1
0_2248,19.58,0
0_2049,5.99,0
0_957,2.99,0
1_466,15.81,1
1_659,8.99,1
0_1352,4.5,0
0_216,23.19,0
1_269,47.99,1
0_1690,13.18,0
0_720,6.8,0
0_8,15.08,0
0_650,18.7,0
0_1835,8.99,0
1_276,56.97,1
0_1952,3.95,0
0_522,2.54,0
0_233,10.99,0
0_1761,7.99,0
0_415,10.99,0
1_95,21.99,1
1_101,9.99,1
0_2209,8.99,0
0_1487,4.99,0
0_2088,30.0,0
0_266,18.96,0
1_383,28.99,1
0_894,3.03,0
0_2065,7.99,0
0_538,4.91,0
0_871,16.99,0
1_413,17.99,1
1_518,6.52,1
1_238,2.0,1
1_475,20.99,1
0_58,9.49,0
0_51,4.99,0
0_908,15.15,0
0_442,4.4,0
0_1454,7.41,0
0_460,1.25,0
0_171,18.99,0
0_1095,6.99,0
0_685,12.99,0
0_673,5.99,0
0_1297,18.99,0
0_1324,3.93,0
1_236,14.04,1
1_51,45.99,1
0_325,15.99,0
0_1116,2.97,0
0_2232,8.94,0
0_2081,24.99,0
0_903,3.99,0
0_1061,19.99,0
0_1463,21.99,0
0_940,21.22,0
2_101,63.99,2
0_34,6.91,0
1_543,51.99,1
1_651,18.99,1
2_123,147.99,2
1_272,4.55,1
0_1644,4.77,0
0_1439,22.99,0
0_1937,11.99,0
0_1989,3.99,0
0_2001,7.99,0
1_387,9.99,1
1_331,55.99,1
0_1314,20.63,0
0_607,14.99,0
2_23,115.99,2
0_146,17.14,0
0_802,11.22,0
1_140,38.56,1
0_1920,25.16,0
